timestamp,gaze_x,gaze_y
3042450353962,946.9487409539031,730.8442384777177
3042500352387,946.9487409539031,730.8442384777177
3042550354549,946.9487409539031,730.8442384777177
3042602277049,946.9220910015842,696.9363602836435
3042650350336,946.9220910015842,696.9363602836435
3042700352461,903.69524933363,498.2918250777917
3042750350924,903.69524933363,498.2918250777917
3042800353086,908.9456741109066,522.0644684112929
3042850353636,908.9456741109066,522.0644684112929
3042900355799,919.9807526346876,526.9706488626186
3042950354211,919.9807526346876,526.9706488626186
3043000352674,934.9398792646275,530.5974270455004
3043050354836,934.9398792646275,530.5974270455004
3043100355386,980.5829110676848,737.2693794786736
3043150354586,980.5829110676848,737.2693794786736
3043200357511,972.6765134566093,696.8853608586368
3043250355511,972.6765134566093,696.8853608586368
3043300358424,977.7398168348932,689.2493975809718
3043350353886,977.7398168348932,689.2493975809718
3043400359336,985.6948326367185,630.4453472459069
3043450356386,985.6948326367185,630.4453472459069
3043500356761,998.8669067451813,585.3273728032642
3043550347299,998.8669067451813,585.3273728032642
3043600352586,1008.0030622534339,536.482132628935
3043650356674,1008.0030622534339,536.482132628935
3043700350961,978.3509080441136,504.9769895841353
3043750351511,978.3509080441136,504.9769895841353
3043800357211,807.9100483360706,701.3054250725176
3043850354461,807.9100483360706,701.3054250725176
3043900356636,798.708317705228,827.8205092393088
3043950355049,798.708317705228,827.8205092393088
3044000361386,912.8898271047444,905.8259591187298
3044050353011,912.8898271047444,905.8259591187298
3044100359174,903.7873235953022,791.7874409417534
3044150357211,903.7873235953022,791.7874409417534
3044200353799,948.911838160956,749.4568809792494
3044250353961,948.911838160956,749.4568809792494
3044300358261,890.5990542703472,835.8245765469096
3044350357211,890.5990542703472,835.8245765469096
3044400350549,870.9192659277833,740.2635430007872
3044450360336,870.9192659277833,740.2635430007872
3044500352261,870.3819579465902,795.7329020379518
3044550353136,870.3819579465902,795.7329020379518
3044600352886,848.2752546381012,774.6185958684844
3044650355461,848.2752546381012,774.6185958684844
3044700355711,827.8258630820876,761.5532906246949
3044750347086,827.8258630820876,761.5532906246949
3044800350636,822.3358253819472,742.4747676845077
3044850352049,822.3358253819472,742.4747676845077
3044900351136,826.1683083284443,741.4606815987355
3044950352461,826.1683083284443,741.4606815987355
3045000357049,830.842610229056,744.514247517872
3045050352799,830.842610229056,744.514247517872
3045100350424,821.095771083347,755.0824645688189
3045150356924,821.095771083347,755.0824645688189
3045200350674,822.0737890037285,785.8341809659775
3045250359336,822.0737890037285,785.8341809659775
3045300352886,857.2200351656255,799.4853536674922
3045350351299,857.2200351656255,799.4853536674922
3045400352424,844.7067832720611,799.8270073904607
3045450356711,844.7067832720611,799.8270073904607
3045500355386,841.5982762405445,808.3023903260637
3045550357511,841.5982762405445,808.3023903260637
3045600355961,802.651105583494,737.1826269032373
3045650357511,802.651105583494,737.1826269032373
3045700356011,870.5048318939729,714.5525378894528
3045750348386,870.5048318939729,714.5525378894528
3045800356636,861.9593320106902,655.940202473258
3045850355049,861.9593320106902,655.940202473258
3045900357211,852.7322901479652,665.8457331534505
3045950353424,852.7322901479652,665.8457331534505
3046000356549,842.0415434095016,691.9150127527178
3046050357549,842.0415434095016,691.9150127527178
3046100356011,946.9781974480958,694.2079909576909
3046150351549,946.9781974480958,694.2079909576909
3046200357961,965.4002252843992,708.6361225549306
3046250356211,965.4002252843992,708.6361225549306
3046300352836,944.2231586437449,687.016713900139
3046350348511,944.2231586437449,687.016713900139
3046400361836,854.601399872603,783.3739548264884
3046450360299,854.601399872603,783.3739548264884
3046500362461,834.9607760769927,780.4048565627687
3046550352674,834.9607760769927,780.4048565627687
3046600361136,833.0221615672431,746.116080772302
3046650350961,833.0221615672431,746.116080772302
3046700357261,829.3243624188914,797.1076834703277
3046750385461,829.3243624188914,797.1076834703277
3046800357836,830.4314978177122,751.3312396400697
3046850354299,830.4314978177122,751.3312396400697
3046900350174,816.2223243806503,737.5428495249798
3046950347211,816.2223243806503,737.5428495249798
3047000354086,859.2903509726071,739.7498556592751
3047050351336,859.2903509726071,739.7498556592751
3047100353511,855.9381296583949,733.7914813681487
3047150351924,855.9381296583949,733.7914813681487
3047200354086,872.9311728608861,710.7914303631752
3047250352136,872.9311728608861,710.7914303631752
3047300349461,885.8497710377317,732.0629081196181
3047350354511,885.8497710377317,732.0629081196181
3047400352336,898.4743564778705,736.3271285094402
3047450353886,898.4743564778705,736.3271285094402
3047500357961,896.1001216082282,755.803882636616
3047550352961,896.1001216082282,755.803882636616
3047600348424,841.413156662715,730.6497923784159
3047650358049,841.413156662715,730.6497923784159
3047700360211,882.302820573758,700.1639174568066
3047750358636,882.302820573758,700.1639174568066
3047800360799,891.9572111964865,671.7328520320532
3047850357211,891.9572111964865,671.7328520320532
3047900348761,893.2700090454844,650.4787243587854
3047950353386,893.2700090454844,650.4787243587854
3048000353336,915.8653332988146,768.7532693846416
3048050357211,915.8653332988146,768.7532693846416
3048100348636,916.1071149762951,742.5428212079237
3048150360886,916.1071149762951,742.5428212079237
3048200353586,893.5110308408731,818.3917291157323
3048250348299,893.5110308408731,818.3917291157323
3048300354636,878.7909051778678,760.5714840430697
3048350352299,878.7909051778678,760.5714840430697
3048400358636,879.7735000234911,722.1745586885773
3048450361211,879.7735000234911,722.1745586885773
3048500348924,843.1678705697202,701.6562717713431
3048550356386,843.1678705697202,701.6562717713431
3048600353674,851.6323825057716,723.0912102161917
3048650355799,851.6323825057716,723.0912102161917
3048700354261,894.1579042866398,534.4782204174589
3048750364636,894.1579042866398,534.4782204174589
3048800347761,911.5929939573996,623.8376134609158
3048850351836,911.5929939573996,623.8376134609158
3048900354299,921.5224667117789,702.6512733709594
3048950355586,921.5224667117789,702.6512733709594
3049000360836,698.715079382247,562.4100778384426
3049050354711,698.715079382247,562.4100778384426
3049100349049,661.1567298158278,706.6127987304316
3049150354886,661.1567298158278,706.6127987304316
3049200353211,726.3302924206,693.0549038588234
3049250359761,726.3302924206,693.0549038588234
3049300351711,690.8362461187437,165.01174628783372
3049350358136,690.8362461187437,165.01174628783372
3049400356799,704.1681352111176,238.85577215313367
3049450353336,704.1681352111176,238.85577215313367
3049500356011,655.6560803990685,318.03414974350744
3049550353011,655.6560803990685,318.03414974350744
3049600355924,636.1479255343681,396.5034520978607
3049650349799,636.1479255343681,396.5034520978607
3049700357799,622.2553407293897,440.8812613334257
3049750356211,622.2553407293897,440.8812613334257
3049800350461,604.5220254868208,435.6082749193946
3049850357511,604.5220254868208,435.6082749193946
3049900352261,601.2720800012562,407.27814166200176
3049950354174,601.2720800012562,407.27814166200176
3050000347511,789.9748763139542,773.0876588724144
3050050353424,789.9748763139542,773.0876588724144
3050100354174,930.0952269686063,1032.106436707002
3050150349886,930.0952269686063,1032.106436707002
3050200360424,850.8514583607497,947.818654756549
3050250353761,850.8514583607497,947.818654756549
3050300353049,946.8581547542553,841.4237123120554
3050350353011,946.8581547542553,841.4237123120554
3050400346461,948.9131569416918,847.6009441334737
3050450351549,948.9131569416918,847.6009441334737
3050500355636,915.9088214961098,721.0323748797089
3050550353961,915.9088214961098,721.0323748797089
3050600355386,964.5360273128247,616.1918990591555
3050650351261,964.5360273128247,616.1918990591555
3050700350211,990.3914148906854,546.7708731821145
3050750345674,990.3914148906854,546.7708731821145
3050800354636,1004.509781315495,575.910001084749
3050850354336,1004.509781315495,575.910001084749
3050900352674,1007.8738586896685,581.1781409302291
3050950354924,1007.8738586896685,581.1781409302291
3051000349136,951.5528220693002,669.3811718742381
3051050357011,951.5528220693002,669.3811718742381
3051100351174,969.984489460528,666.9139168505063
3051150351461,969.984489460528,666.9139168505063
3051200355211,967.4919803933353,625.8140884416044
3051250354086,967.4919803933353,625.8140884416044
3051300360386,934.0962683389889,614.0987058757794
3051350350636,934.0962683389889,614.0987058757794
3051400354799,944.1269419817324,628.1112836268823
3051450355049,944.1269419817324,628.1112836268823
3051500360424,725.3634539885569,672.1992231410354
3051550356511,725.3634539885569,672.1992231410354
3051600354924,727.2098684728717,675.361376379693
3051650350924,727.2098684728717,675.361376379693
3051700358174,781.442850643292,586.3895595789153
3051750358961,781.442850643292,586.3895595789153
3051800350711,592.2435179339633,281.34431439205093
3051850355211,592.2435179339633,281.34431439205093
3051900358136,501.9016555136749,204.2419836187214
3051950350836,501.9016555136749,204.2419836187214
3052000358636,607.2183458155152,288.69161129021256
3052050398586,607.2183458155152,288.69161129021256
3052100359049,714.6460659553751,356.99315366154946
3052150365711,714.6460659553751,356.99315366154946
3052200367136,752.1676709284068,502.8759251358195
3052250367799,752.1676709284068,502.8759251358195
3052300365174,748.9117137370599,518.9850880069223
3052350356299,748.9117137370599,518.9850880069223
3052400350924,749.2730768721317,549.7321061996283
3052450350336,749.2730768721317,549.7321061996283
3052500357386,772.841028017299,553.0741624409534
3052550349049,772.841028017299,553.0741624409534
3052600352674,770.1860715248986,556.3552851414265
3052650351086,770.1860715248986,556.3552851414265
3052700353261,819.6629702201346,520.8085624457512
3052750355836,819.6629702201346,520.8085624457512
3052800337049,826.876291057131,539.3747412856898
3052850354086,826.876291057131,539.3747412856898
3052900352549,798.2977368844051,520.8897188438212
3052950354711,798.2977368844051,520.8897188438212
3053000358674,782.1143594230123,551.3357339826049
3053050359886,782.1143594230123,551.3357339826049
3053100361086,754.7954152181849,537.5407798475746
3053150351299,754.7954152181849,537.5407798475746
3053200356211,768.0754613974815,621.3504097934131
3053250352549,768.0754613974815,621.3504097934131
3053300288086,805.2138417586344,557.6607000226089
3053350351424,805.2138417586344,557.6607000226089
3053400355174,746.2453740167736,552.625747343729
3053450354049,746.2453740167736,552.625747343729
3053500352886,736.1031540357151,562.5963261836101
3053550351961,736.1031540357151,562.5963261836101
3053600350961,739.9539619779349,555.0004013160917
3053650357086,739.9539619779349,555.0004013160917
3053700358049,752.8723279319769,540.6202449526443
3053750353211,752.8723279319769,540.6202449526443
3053800339299,746.2170105061721,511.9497077920107
3053850349136,746.2170105061721,511.9497077920107
3053900352886,774.363402520057,476.0256241880444
3053950352674,774.363402520057,476.0256241880444
3054000358586,776.4957276490652,475.5646100313553
3054050357011,776.4957276490652,475.5646100313553
3054100355461,778.1737311969124,488.8744437902809
3054150349424,778.1737311969124,488.8744437902809
3054200356886,778.8337131986602,482.65491193933974
3054250355549,778.8337131986602,482.65491193933974
3054300354424,777.3129204667944,485.85712758935466
3054350358174,777.3129204667944,485.85712758935466
3054400355636,776.6454770920525,494.6561308332871
3054450354836,776.6454770920525,494.6561308332871
3054500349799,773.4652671756598,502.0620470812614
3054550358424,773.4652671756598,502.0620470812614
3054600359636,750.407214803774,517.601129148665
3054650349674,750.407214803774,517.601129148665
3054700360836,735.189763314633,535.2218996177069
3054750355799,735.189763314633,535.2218996177069
3054800303674,728.0812550122059,540.2622593388029
3054850359549,728.0812550122059,540.2622593388029
3054900360761,729.2979675901569,534.1260161791456
3054950355711,729.2979675901569,534.1260161791456
3055000352961,728.8851780609733,530.1335013466589
3055050351386,728.8851780609733,530.1335013466589
3055100353549,714.4057870327908,523.0120499555782
3055150352011,714.4057870327908,523.0120499555782
3055200354174,710.3153005629488,520.5651247007063
3055250352586,710.3153005629488,520.5651247007063
3055300354011,694.4466386927103,541.5796250334037
3055350356174,694.4466386927103,541.5796250334037
3055400354636,676.9121038873712,548.8093836006367
3055450356761,676.9121038873712,548.8093836006367
3055500355211,668.977788086645,552.8073242980549
3055550357386,668.977788086645,552.8073242980549
3055600355799,721.6690693438344,512.5389859671814
3055650356049,721.6690693438344,512.5389859671814
3055700350761,764.2404199462796,583.963765414872
3055750355461,764.2404199462796,583.963765414872
3055800357636,751.3524232647457,520.9966539781759
3055850356086,751.3524232647457,520.9966539781759
3055900358261,745.2587326539636,513.3047869111404
3055950356674,745.2587326539636,513.3047869111404
3056000355136,746.2449699577493,509.0556486891918
3056050357299,746.2449699577493,509.0556486891918
3056100355711,667.3765191075217,523.6034761235722
3056150357886,667.3765191075217,523.6034761235722
3056200356336,674.7053321429366,541.6867463580552
3056250354761,674.7053321429366,541.6867463580552
3056300356924,675.8801966348146,543.3610048557966
3056350355386,675.8801966348146,543.3610048557966
3056400357511,797.0137037168304,471.726304386654
3056450355961,797.0137037168304,471.726304386654
3056500358136,797.8480458329386,468.4796397303277
3056550356549,797.8480458329386,468.4796397303277
3056600355011,800.4650280312538,467.65857668083504
3056650357174,800.4650280312538,467.65857668083504
3056700355586,803.0852842515296,470.37719058350757
3056750357761,803.0852842515296,470.37719058350757
3056800356211,780.7837040696826,468.2320854686875
3056850358386,780.7837040696826,468.2320854686875
3056900356799,780.7777792120132,470.5469220259506
3056950355261,780.7777792120132,470.5469220259506
3057000357424,779.7174676636345,468.12230705718673
3057050355836,779.7174676636345,468.12230705718673
3057100358011,772.8560341376739,469.15560205385697
3057150356461,772.8560341376739,469.15560205385697
3057200354886,825.2981423798626,493.854752459687
3057250357049,825.2981423798626,493.854752459687
3057300355461,819.6006071479765,499.4348388249176
3057350357636,819.6006071479765,499.4348388249176
3057400356086,817.9006885283185,503.7999928994892
3057450358261,817.9006885283185,503.7999928994892
3057500356674,813.5089765885297,504.4569856760569
3057550355136,813.5089765885297,504.4569856760569
3057600357299,638.9607081998913,501.1844859026053
3057650355711,638.9607081998913,501.1844859026053
3057700360261,639.361114060765,506.72252671548995
3057750358711,639.361114060765,506.72252671548995
3057800353424,666.7312117735078,494.79487288178245
3057850355586,666.7312117735078,494.79487288178245
3057900354011,687.4284525180407,575.0427418658397
3057950356174,687.4284525180407,575.0427418658397
3058000354636,787.9964928688461,702.999941316356
3058050356761,787.9964928688461,702.999941316356
3058100400836,961.4817563061707,717.7244748263143
3058150350636,961.4817563061707,717.7244748263143
3058200359086,917.4258560478136,688.5077589497155
3058250357511,917.4258560478136,688.5077589497155
3058300359674,993.7185808984848,720.0912838514614
3058350351211,993.7185808984848,720.0912838514614
3058400358799,966.8144377569688,651.7806750555712
3058450357011,966.8144377569688,651.7806750555712
3058500354799,1019.6778638742666,604.8113983832873
3058550350799,1019.6778638742666,604.8113983832873
3058600348174,998.5835021090234,595.8831007731682
3058650357636,998.5835021090234,595.8831007731682
3058700350886,911.293606222466,989.0576591015536
3058750348261,911.293606222466,989.0576591015536
3058800351461,895.1535618500723,924.4414096096097
3058850353961,895.1535618500723,924.4414096096097
3058900359386,879.024050349929,882.6050186183685
3058950353461,879.024050349929,882.6050186183685
3059000360636,920.8855988666812,585.3997893141732
3059050357049,920.8855988666812,585.3997893141732
3059100354711,985.4830363077218,515.1899609240313
3059150355711,985.4830363077218,515.1899609240313
3059200354174,973.298369416636,568.0304768735142
3059250353136,973.298369416636,568.0304768735142
3059300356549,968.5605403497793,643.2291972282889
3059350352799,968.5605403497793,643.2291972282889
3059400353261,966.4562858359716,662.4776163966175
3059450355636,966.4562858359716,662.4776163966175
3059500357799,1018.8610582836147,763.2098342131363
3059550706511,1016.5901845380142,758.5070116174792
3059600359261,1016.5901845380142,758.5070116174792
3059650361836,1016.5901845380142,758.5070116174792
3059700356674,1044.1868439770583,689.2505278400465
3059750358424,1044.1868439770583,689.2505278400465
3059800353549,1043.6750794090635,674.4978256472276
3059850355711,1043.6750794090635,674.4978256472276
3059900354174,1043.7294888050058,685.5052164456531
3059950346136,1043.7294888050058,685.5052164456531
3060000352961,969.0737806931281,645.7536086325521
3060050357461,969.0737806931281,645.7536086325521
3060100354511,930.4722746321593,614.4465020336568
3060150352961,930.4722746321593,614.4465020336568
3060200355136,905.5325145650281,709.5046236497815
3060250353549,905.5325145650281,709.5046236497815
3060300347761,895.4773676500365,710.0692590405121
3060350356586,895.4773676500365,710.0692590405121
3060400359386,882.1267992019311,722.6009520563036
3060450358261,882.1267992019311,722.6009520563036
3060500353174,878.3901693909854,734.7014283045997
3060550358336,878.3901693909854,734.7014283045997
3060600358386,856.0672179444666,750.6866624586039
3060650358386,856.0672179444666,750.6866624586039
3060700352136,871.478238565918,692.7247464315533
3060750354299,871.478238565918,692.7247464315533
3060800356461,861.1135267420887,691.617376205673
3060850353211,861.1135267420887,691.617376205673
3060900356886,849.2155161886675,671.0856450373465
3060950359549,849.2155161886675,671.0856450373465
3061000349386,832.2592022306391,639.8092446227313
3061050351549,832.2592022306391,639.8092446227313
3061100350011,805.4616266599916,661.126421197218
3061150360136,805.4616266599916,661.126421197218
3061200360511,816.6013598988862,670.9726353465645
3061250354549,816.6013598988862,670.9726353465645
3061300352799,828.3645649003888,682.2548205819681
3061350349086,828.3645649003888,682.2548205819681
3061400351261,842.8361059357876,685.8466874842501
3061450349674,842.8361059357876,685.8466874842501
3061500348136,837.8652443136152,664.0374097090014
3061550350299,837.8652443136152,664.0374097090014
3061600358511,844.7756763361076,659.1175403843362
3061650360674,844.7756763361076,659.1175403843362
3061700359136,844.2507812753472,645.4366324513207
3061750361299,844.2507812753472,645.4366324513207
3061800359711,859.3334786382579,678.089278563715
3061850358174,859.3334786382579,678.089278563715
3061900360336,895.6442053365341,809.1868803950307
3061950358761,895.6442053365341,809.1868803950307
3062000360924,895.3035075523242,756.2758281500483
3062050359336,895.3035075523242,756.2758281500483
3062100361511,895.9865183732838,737.0861633569975
3062150393461,895.9865183732838,737.0861633569975
3062200350424,892.5414941735056,713.3945265938565
3062250360674,892.5414941735056,713.3945265938565
3062300350924,849.0075852020582,624.9584137015037
3062350351174,849.0075852020582,624.9584137015037
3062400354711,843.6314746502553,596.3800392088713
3062450356336,843.6314746502553,596.3800392088713
3062500352674,850.3975459532288,675.836239117916
3062550359711,850.3975459532288,675.836239117916
3062600354424,850.9414592524613,681.4825603837065
3062650352886,850.9414592524613,681.4825603837065
3062700359049,859.0872594691598,705.9872762075182
3062750347011,859.0872594691598,705.9872762075182
3062800352886,859.9743740403163,708.5706975929124
3062850356636,859.9743740403163,708.5706975929124
3062900359011,879.8426460852197,709.3539968758715
3062950358799,879.8426460852197,709.3539968758715
3063000357261,875.7249314063,712.3890109566521
3063050359424,875.7249314063,712.3890109566521
3063100353711,868.393216086082,712.0695205633639
3063150354299,868.393216086082,712.0695205633639
3063200359924,860.8603047173381,685.7895076168084
3063250351886,860.8603047173381,685.7895076168084
3063300353836,848.9236947923972,674.3168251982441
3063350356011,848.9236947923972,674.3168251982441
3063400348174,835.0738741520805,679.4108670321654
3063450350336,835.0738741520805,679.4108670321654
3063500354711,840.3389535477736,690.0656590841601
3063550359886,840.3389535477736,690.0656590841601
3063600355011,840.3473270139314,685.0420234849469
3063650355261,840.3473270139314,685.0420234849469
3063700355461,837.9424359213358,686.0754982182507
3063750348049,837.9424359213358,686.0754982182507
3063800351836,830.0222584187022,677.8328202178678
3063850354174,830.0222584187022,677.8328202178678
3063900352549,825.8098207970166,671.0384195467225
3063950353211,825.8098207970166,671.0384195467225
3064000354961,817.4175595945788,648.6934822286622
3064050364586,817.4175595945788,648.6934822286622
3064100392799,810.7529535356564,620.0060735753692
3064150351011,810.7529535356564,620.0060735753692
3064200348924,813.3259939085663,617.9847128975097
3064250356174,813.3259939085663,617.9847128975097
3064300357586,819.9934530940778,601.0130948569832
3064350352299,819.9934530940778,601.0130948569832
3064400354461,832.5208781221987,533.1037133392879
3064450352886,832.5208781221987,533.1037133392879
3064500358299,838.6649980687566,531.9154214740176
3064550354386,838.6649980687566,531.9154214740176
3064600353011,838.2417638490197,550.7861898345791
3064650356761,838.2417638490197,550.7861898345791
3064700354261,840.8687837997028,569.9269103518922
3064750357799,840.8687837997028,569.9269103518922
3064800356211,842.7263227167546,550.9400770414145
3064850357961,842.7263227167546,550.9400770414145
3064900349924,848.7928538345785,593.5266579506259
3064950355586,848.7928538345785,593.5266579506259
3065000356174,854.3833985751082,701.2435833055381
3065050351836,854.3833985751082,701.2435833055381
3065100354961,853.8529131353049,712.8774606709056
3065150350636,853.8529131353049,712.8774606709056
3065200351386,851.9576133554718,691.4841431290745
3065250353549,851.9576133554718,691.4841431290745
3065300350636,851.9731468565888,704.1757159231039
3065350352799,851.9731468565888,704.1757159231039
3065400351211,853.8779860346185,724.3037590025571
3065450353386,853.8779860346185,724.3037590025571
3065500351836,852.1101714519401,714.1629934157576
3065550350261,852.1101714519401,714.1629934157576
3065600352424,843.4901256072019,677.5122483465692
3065650350836,843.4901256072019,677.5122483465692
3065700353011,837.7172352844331,676.0294120467557
3065750351461,837.7172352844331,676.0294120467557
3065800353636,831.7124880403832,643.4726347800648
3065850352049,831.7124880403832,643.4726347800648
3065900350511,833.6783645039043,645.3131834954484
3065950359886,833.6783645039043,645.3131834954484
3066000352049,831.0844730411691,645.9664633315335
3066050351674,831.0844730411691,645.9664633315335
3066100350086,833.5310318385184,608.6021294740206
3066150352261,833.5310318385184,608.6021294740206
3066200350711,834.5647482250249,608.5352007678052
3066250349136,834.5647482250249,608.5352007678052
3066300351299,806.0773774145564,618.4183805247832
3066350349761,806.0773774145564,618.4183805247832
3066400351924,760.4212199415284,698.0280620455105
3066450350336,760.4212199415284,698.0280620455105
3066500348799,768.529717439731,716.5339765906568
3066550350961,768.529717439731,716.5339765906568
3066600349386,770.309133172115,712.0224777375695
3066650351549,770.309133172115,712.0224777375695
3066700350011,769.998734805667,688.9865553995614
3066750352136,769.998734805667,688.9865553995614
3066800350586,774.5918294948689,691.8256521315415
3066850349049,774.5918294948689,691.8256521315415
3066900351174,777.011727678316,668.028729337788
3066950349636,777.011727678316,668.028729337788
3067000351799,778.1073032508399,668.0885779120025
3067050350211,778.1073032508399,668.0885779120025
3067100348674,779.4965145961069,678.1791972280937
3067150350836,779.4965145961069,678.1791972280937
3067200349261,777.4792882479801,684.6250693178537
3067250351424,777.4792882479801,684.6250693178537
3067300349886,782.0712281337385,615.0868687271397
3067350352049,782.0712281337385,615.0868687271397
3067400351424,786.0368864657543,615.7250371526717
3067450357299,786.0368864657543,615.7250371526717
3067500356924,788.9494559804098,629.9668676576929
3067550353961,788.9494559804098,629.9668676576929
3067600356136,789.5646618167843,636.8846678273451
3067650354586,789.5646618167843,636.8846678273451
3067700360461,804.0124252403181,773.2149327234044
3067750355174,804.0124252403181,773.2149327234044
3067800353636,800.7941885358152,766.2127932092349
3067850355799,800.7941885358152,766.2127932092349
3067900354211,781.9658306217272,735.4568100289275
3067950356386,781.9658306217272,735.4568100289275
3068000354836,799.3502772526225,736.077412505826
3068050353261,799.3502772526225,736.077412505826
3068100355424,813.7950566158461,732.8152180727401
3068150353886,813.7950566158461,732.8152180727401
3068200356011,814.1709115851279,726.2648455917782
3068250380549,814.1709115851279,726.2648455917782
3068300356636,818.8601077837845,738.6683460152475
3068350355049,818.8601077837845,738.6683460152475
3068400353511,777.1946074308851,636.3533874267179
3068450355674,777.1946074308851,636.3533874267179
3068500354086,811.7958483314208,647.2141062137532
3068550352011,811.7958483314208,647.2141062137532
3068600360636,822.4114189615738,646.7129205616336
3068650352586,822.4114189615738,646.7129205616336
3068700354761,842.4870491042345,753.6547158966661
3068750353211,842.4870491042345,753.6547158966661
3068800349424,835.8022912361217,741.2749174345618
3068850348386,835.8022912361217,741.2749174345618
3068900359386,844.9114355439254,758.1120167795481
3068950351761,844.9114355439254,758.1120167795481
3069000350086,839.6582693635302,731.3143299728968
3069050366386,839.6582693635302,731.3143299728968
3069100355049,833.8179061684982,655.3144381311844
3069150356674,833.8179061684982,655.3144381311844
3069200359261,846.2411349289118,654.7339000234233
3069250351836,846.2411349289118,654.7339000234233
3069300351886,851.8698641193953,619.0377557328267
3069350357961,851.8698641193953,619.0377557328267
3069400353886,849.2459021512717,630.5937564788758
3069450352299,849.2459021512717,630.5937564788758
3069500354461,950.2664499149693,842.2402213431023
3069550352886,950.2664499149693,842.2402213431023
3069600354299,938.422911996869,779.0222720704453
3069650352211,938.422911996869,779.0222720704453
3069700349586,939.6913193198212,747.9117569377814
3069750357711,939.6913193198212,747.9117569377814
3069800350924,989.8155610749415,789.9073292250678
3069850352761,989.8155610749415,789.9073292250678
3069900357386,985.1107764255285,762.1564476973105
3069950347836,985.1107764255285,762.1564476973105
3070000362011,974.9029324460762,766.3534183987542
3070050355011,974.9029324460762,766.3534183987542
3070100356886,975.4008954502556,760.9094512944062
3070150359674,975.4008954502556,760.9094512944062
3070200356174,968.6912137325659,758.6225159875736
3070250353674,968.6912137325659,758.6225159875736
3070300349961,973.6881320006097,765.5938250183199
3070350357424,973.6881320006097,765.5938250183199
3070400350961,903.6400910180898,717.2213643748017
3070450353136,903.6400910180898,717.2213643748017
3070500351586,908.0831709252527,720.7135483915962
3070550350011,908.0831709252527,720.7135483915962
3070600351636,917.4368958621315,731.4446647311605
3070650353511,917.4368958621315,731.4446647311605
3070700354924,924.7187101162078,741.3048690799164
3070750355174,924.7187101162078,741.3048690799164
3070800352636,823.4363951527401,567.4698024720761
3070850354049,823.4363951527401,567.4698024720761
3070900347799,830.0057635500914,568.9690308544618
3070950349961,830.0057635500914,568.9690308544618
3071000354924,833.5750178414146,588.8819744477626
3071050360924,833.5750178414146,588.8819744477626
3071100351836,839.5361179899802,614.7415708330954
3071150352511,839.5361179899802,614.7415708330954
3071200358586,840.5165331227416,587.5835378548549
3071250357049,840.5165331227416,587.5835378548549
3071300264924,841.8936517371885,586.580494268003
3071350354549,841.8936517371885,586.580494268003
3071400359886,849.8988035655544,570.7890342526564
3071450354636,849.8988035655544,570.7890342526564
3071500349136,852.4037807100416,583.4903169925644
3071550351299,852.4037807100416,583.4903169925644
3071600355799,854.6897296130803,565.4433490864493
3071650357961,854.6897296130803,565.4433490864493
3071700356386,852.7826291724763,573.9501783281476
3071750354836,852.7826291724763,573.9501783281476
3071800357424,856.2309779524371,590.4216422862357
3071850345836,856.2309779524371,590.4216422862357
3071900348011,857.1881849971467,594.7703776130834
3071950348586,857.1881849971467,594.7703776130834
3072000355636,856.9600758887862,573.0321495761688
3072050354086,856.9600758887862,573.0321495761688
3072100356011,872.0217991130648,673.1458207140168
3072150358174,872.0217991130648,673.1458207140168
3072200347799,866.2948195436023,665.9834577145035
3072250349961,866.2948195436023,665.9834577145035
3072300352136,866.1248881962483,666.7292103813237
3072350350549,866.1248881962483,666.7292103813237
3072400353136,869.4566809277928,644.1426482982133
3072450354136,869.4566809277928,644.1426482982133
3072500356299,864.0224192336607,648.8078372928583
3072550354711,864.0224192336607,648.8078372928583
3072600356886,873.7436955555411,636.9713779821083
3072650355336,873.7436955555411,636.9713779821083
3072700353761,871.2343499272147,627.6848593868449
3072750355924,871.2343499272147,627.6848593868449
3072800354386,870.3583521186575,627.4885272696869
3072850360261,870.3583521186575,627.4885272696869
3072900354961,866.6831901880504,585.2972204314905
3072950357136,866.6831901880504,585.2972204314905
3073000355586,867.3087276758516,583.3715280712686
3073050348711,867.3087276758516,583.3715280712686
3073100350836,873.4596060182126,582.7501634372397
3073150350461,873.4596060182126,582.7501634372397
3073200371261,875.7937177473752,579.8017039369674
3073250351086,875.7937177473752,579.8017039369674
3073300349511,878.9355764510537,580.5541641940843
3073350351674,878.9355764510537,580.5541641940843
3073400352261,879.6490099960536,556.4196704766912
3073450354424,879.6490099960536,556.4196704766912
3073500349136,882.2608645401239,556.6952519274048
3073550351299,882.2608645401239,556.6952519274048
3073600349711,882.0072848303382,557.786094965229
3073650348174,882.0072848303382,557.786094965229
3073700350336,885.5460077777027,643.6411191892329
3073750348761,885.5460077777027,643.6411191892329
3073800350924,885.0751689379231,672.9770844304653
3073850349336,885.0751689379231,672.9770844304653
3073900347799,885.7080855878783,663.0053484275439
3073950349961,885.7080855878783,663.0053484275439
3074000348386,893.3500888198862,637.4009489919144
3074050350549,893.3500888198862,637.4009489919144
3074100349011,894.150389667109,637.1454651947931
3074150351174,894.150389667109,637.1454651947931
3074200349586,897.7592836589907,642.3428394020564
3074250348049,897.7592836589907,642.3428394020564
3074300358261,897.407144974144,648.5666960303945
3074350358299,897.407144974144,648.5666960303945
3074400358136,893.7329448463809,655.787682462241
3074450352336,893.7329448463809,655.787682462241
3074500362136,930.1487222238488,643.60665203444
3074550360799,930.1487222238488,643.60665203444
3074600354761,938.4494341045355,637.4997413708973
3074650357336,938.4494341045355,637.4997413708973
3074700357174,946.4360508542547,773.189382193363
3074750258261,946.4360508542547,773.189382193363
3074800351586,943.9267027119156,761.5989994820043
3074850349924,943.9267027119156,761.5989994820043
3074900355049,930.5938554608069,759.0337477840653
3074950347836,930.5938554608069,759.0337477840653
3075000350636,894.7719287540942,902.937471254706
3075050353424,894.7719287540942,902.937471254706
3075100353886,891.2587689181607,808.3577769260986
3075150351711,891.2587689181607,808.3577769260986
3075200352799,879.4075507040404,688.2040135332222
3075250349211,879.4075507040404,688.2040135332222
3075300350299,901.5593887283122,650.45727429522
3075350353924,901.5593887283122,650.45727429522
3075400352461,888.2589879722216,655.3788769436422
3075450356461,888.2589879722216,655.3788769436422
3075500357636,896.5328665438657,652.8182270868266
3075550347461,896.5328665438657,652.8182270868266
3075600349636,895.1606980587237,656.9031695333799
3075650348049,895.1606980587237,656.9031695333799
3075700350211,891.8407382669807,762.5657714238037
3075750348674,891.8407382669807,762.5657714238037
3075800347086,895.9112809275596,744.3231323363019
3075850349261,895.9112809275596,744.3231323363019
3075900347711,836.7316817399123,798.6125623988526
3075950349886,836.7316817399123,798.6125623988526
3076000348299,778.597420494183,831.214604055812
3076050350461,778.597420494183,831.214604055812
3076100360711,757.4580684438512,634.4924921452474
3076150351711,757.4580684438512,634.4924921452474
3076200351299,812.1068162740047,538.3949331582055
3076250349761,812.1068162740047,538.3949331582055
3076300356386,891.1062051888472,562.9394627894657
3076350358886,891.1062051888472,562.9394627894657
3076400355799,886.230321360615,638.7954063813442
3076450355761,886.230321360615,638.7954063813442
3076500353136,887.7553964531271,535.9426790778506
3076550355636,887.7553964531271,535.9426790778506
3076600353761,893.0294813034097,584.5925042876216
3076650356261,893.0294813034097,584.5925042876216
3076700354049,889.658737555972,515.1772655537812
3076750358336,889.658737555972,515.1772655537812
3076800357761,890.6640659037707,521.6100557783354
3076850352261,890.6640659037707,521.6100557783354
3076900359299,891.2348708497896,521.5949255232944
3076950357761,891.2348708497896,521.5949255232944
3077000356174,888.4388634148991,505.7911785917428
3077050358336,888.4388634148991,505.7911785917428
3077100356211,778.5006570220665,647.3316578499534
3077150361174,778.5006570220665,647.3316578499534
3077200361174,829.1441790866429,630.258599297853
3077250360261,829.1441790866429,630.258599297853
3077300356136,911.136502296066,751.3730553742378
3077350354586,911.136502296066,751.3730553742378
3077400354836,905.4441205325611,699.1327905952369
3077450347636,905.4441205325611,699.1327905952369
3077500361299,885.7171025767389,697.9598249967913
3077550357961,885.7171025767389,697.9598249967913
3077600360086,802.5106560043101,665.9052494361581
3077650354511,802.5106560043101,665.9052494361581
3077700357299,813.4773800541273,656.4346794304516
3077750353799,813.4773800541273,656.4346794304516
3077800351924,815.6274376768104,653.0723905767616
3077850356836,815.6274376768104,653.0723905767616
3077900364086,836.0627895230718,516.6278356797836
3077950350424,836.0627895230718,516.6278356797836
3078000352586,828.1581337648307,546.4699156463404
3078050351011,828.1581337648307,546.4699156463404
3078100358386,834.6353037206738,589.0103454830019
3078150352674,834.6353037206738,589.0103454830019
3078200349549,836.0825819566757,607.8908862223238
3078250349886,836.0825819566757,607.8908862223238
3078300349299,838.5822504916433,611.8475043407132
3078350355174,838.5822504916433,611.8475043407132
3078400352261,838.4567732501224,616.8106613101764
3078450356761,838.4567732501224,616.8106613101764
3078500350086,848.0432843922356,794.7464035837135
3078550352961,848.0432843922356,794.7464035837135
3078600351386,838.7043278283845,761.3287106867
3078650349836,838.7043278283845,761.3287106867
3078700356049,841.0932594487193,739.2042849445437
3078750355336,841.0932594487193,739.2042849445437
3078800354424,961.1087823188284,636.9891071773008
3078850356886,961.1087823188284,636.9891071773008
3078900346386,944.3421811896258,661.9798358137338
3078950354299,944.3421811896258,661.9798358137338
3079000358674,929.3308071286936,664.5057317619587
3079050359799,929.3308071286936,664.5057317619587
3079100350211,891.2580423827417,490.41821783894136
3079150355586,891.2580423827417,490.41821783894136
3079200358386,882.055303232178,477.2445534368104
3079250349336,882.055303232178,477.2445534368104
3079300351511,888.60212436965,566.3048391309862
3079350351586,888.60212436965,566.3048391309862
3079400355961,808.9425608293129,612.543396122201
3079450358886,808.9425608293129,612.543396122201
3079500347424,797.3798350448644,642.2904719039835
3079550359174,797.3798350448644,642.2904719039835
3079600357636,795.4340041666352,652.4647170632418
3079650412461,795.4340041666352,652.4647170632418
3079700348761,799.6850671564041,659.2862381498193
3079750353961,799.6850671564041,659.2862381498193
3079800354549,797.3412365542928,662.6997775784336
3079850349261,797.3412365542928,662.6997775784336
3079900351424,806.0762929572134,659.2988681659565
3079950349886,806.0762929572134,659.2988681659565
3080000352049,804.7019463417623,648.2720222160204
3080050354086,804.7019463417623,648.2720222160204
3080100356261,804.0243334367759,640.72340120701
3080150350424,804.0243334367759,640.72340120701
3080200355461,789.4456199289349,563.6385049175559
3080250353711,789.4456199289349,563.6385049175559
3080300350386,788.9767618743215,555.6759381212023
3080350356261,788.9767618743215,555.6759381212023
3080400348549,843.8809410968042,632.3018112492422
3080450359761,843.8809410968042,632.3018112492422
3080500356586,838.3904939444876,625.286733531196
3080550352674,838.3904939444876,625.286733531196
3080600358174,942.016651673468,717.5590086621452
3080650356586,942.016651673468,717.5590086621452
3080700354711,937.0104552719185,697.2013698722474
3080750354924,937.0104552719185,697.2013698722474
3080800350336,959.3993730032191,714.9379411066428
3080850352461,959.3993730032191,714.9379411066428
3080900318261,945.9945968306267,696.623811059449
3080950361586,945.9945968306267,696.623811059449
3081000353961,775.7547547766594,759.0782507986784
3081050354174,775.7547547766594,759.0782507986784
3081100357511,770.0686190623767,723.8846438948251
3081150349674,770.0686190623767,723.8846438948251
3081200351836,747.6547930120605,666.879894744738
3081250350299,747.6547930120605,666.879894744738
3081300352461,736.9824878744805,601.5062146785815
3081350350886,736.9824878744805,601.5062146785815
3081400349336,740.526882492642,616.9241803234534
3081450351511,740.526882492642,616.9241803234534
3081500350674,739.95189716236,921.6675142148368
3081550352836,739.95189716236,921.6675142148368
3081600358924,752.6308336937506,878.6852950399813
3081650353886,752.6308336937506,878.6852950399813
3081700351549,758.2223041693132,836.2271034257953
3081750350424,758.2223041693132,836.2271034257953
3081800355549,732.4604579370236,644.4474429394207
3081850361136,732.4604579370236,644.4474429394207
3081900357636,751.2155729032245,640.1816181478237
3081950354174,751.2155729032245,640.1816181478237
3082000348336,746.8552322163049,645.8340997350585
3082050352511,746.8552322163049,645.8340997350585
3082100352049,764.191724546808,658.978879141793
3082150354836,764.191724546808,658.978879141793
3082200352511,836.5875632794399,677.818096140279
3082250357424,836.5875632794399,677.818096140279
3082300355886,959.1623832885995,711.3425121701733
3082350354299,959.1623832885995,711.3425121701733
3082400356461,953.6260311202155,697.559447498802
3082450354924,953.6260311202155,697.559447498802
3082500357086,978.9744858610536,708.3342374101532
3082550354961,978.9744858610536,708.3342374101532
3082600353424,926.7153186059815,816.6229964216454
3082650355586,926.7153186059815,816.6229964216454
3082700348924,909.7059547990815,786.468499815454
3082750354799,909.7059547990815,786.468499815454
3082800353211,887.1929743108881,704.6255378073043
3082850355386,887.1929743108881,704.6255378073043
3082900352336,883.4687730463686,685.3682559797085
3082950355586,883.4687730463686,685.3682559797085
3083000354011,890.5223221424553,808.4204664263451
3083050284886,890.5223221424553,808.4204664263451
3083100358011,880.134812466539,808.3930946881952
3083150350174,880.134812466539,808.3930946881952
3083200348586,813.9590481835435,864.8208411883988
3083250350761,813.9590481835435,864.8208411883988
3083300349211,812.0171738696433,824.7655656683177
3083350351386,812.0171738696433,824.7655656683177
3083400339461,800.7801794564167,817.5503381654471
3083450359086,800.7801794564167,817.5503381654471
3083500348711,820.4839827557723,787.01253672533
3083550347136,820.4839827557723,787.01253672533
3083600349299,883.0763815780592,725.3880556183922
3083650347761,883.0763815780592,725.3880556183922
3083700349886,875.236904409548,728.8531752172304
3083750348336,875.236904409548,728.8531752172304
3083800350511,869.2896887703002,734.2949776360265
3083850348924,869.2896887703002,734.2949776360265
3083900373011,846.1096127730003,824.1875986071198
3083950355386,846.1096127730003,824.1875986071198
3084000357549,789.3389805864238,845.6334198543625
3084050359711,789.3389805864238,845.6334198543625
3084100352836,790.4798971296333,851.8539230281463
3084150352461,790.4798971296333,851.8539230281463
3084200354636,781.6823167402245,865.6967419960016
3084250356761,781.6823167402245,865.6967419960016
3084300358924,738.1272041870234,792.3092733321157
3084350357386,738.1272041870234,792.3092733321157
3084400359549,697.7670518638952,672.4949152457339
3084450357961,697.7670518638952,672.4949152457339
3084500360136,713.773370713492,709.7190179330273
3084550357011,713.773370713492,709.7190179330273
3084600356586,712.9660766091321,735.4207148219449
3084650356211,712.9660766091321,735.4207148219449
3084700349336,902.6490708879176,728.9245029662254
3084750353836,902.6490708879176,728.9245029662254
3084800357174,900.4856928312536,746.2464888250223
3084850350299,900.4856928312536,746.2464888250223
3084900351799,884.1793019720483,753.0441426839202
3084950358836,884.1793019720483,753.0441426839202
3085000357086,806.9303481628697,678.1716151351047
3085050351799,806.9303481628697,678.1716151351047
3085100352799,781.4640274976759,633.9148388832201
3085150354961,781.4640274976759,633.9148388832201
3085200353386,790.5410158829543,676.4294432728722
3085250355549,790.5410158829543,676.4294432728722
3085300353961,930.4615611926029,646.0785983990405
3085350356136,930.4615611926029,646.0785983990405
3085400354586,931.1375338450935,661.3184770967608
3085450353011,931.1375338450935,661.3184770967608
3085500351386,796.4422255851288,565.4186940000648
3085550358636,796.4422255851288,565.4186940000648
3085600359424,787.4447497633813,600.4301138196988
3085650357836,787.4447497633813,600.4301138196988
3085700355424,784.8727806396281,655.3825194789046
3085750357174,784.8727806396281,655.3825194789046
3085800354961,827.9376711993676,485.3649780798673
3085850361386,827.9376711993676,485.3649780798673
3085900359011,822.1255994377875,537.5449399551042
3085950356136,822.1255994377875,537.5449399551042
3086000354586,790.4574309241071,587.94149710865
3086050418799,790.4574309241071,587.94149710865
3086100352136,813.081540700442,631.7049554390469
3086150354299,813.081540700442,631.7049554390469
3086200353461,901.425654351701,656.9079027270727
3086250351711,901.425654351701,656.9079027270727
3086300355049,962.7265921151426,682.3594652307561
3086350355586,962.7265921151426,682.3594652307561
3086400354049,975.5214739169118,657.4570534000374
3086450360636,975.5214739169118,657.4570534000374
3086500352586,805.3049414309413,685.122760927136
3086550361049,805.3049414309413,685.122760927136
3086600359461,801.1045562396724,709.9221673549416
3086650357924,801.1045562396724,709.9221673549416
3086700360086,820.0409575288684,685.5213759554626
3086750358511,820.0409575288684,685.5213759554626
3086800357636,828.8681288509464,652.944916152387
3086850352136,828.8681288509464,652.944916152387
3086900352461,833.122791050475,612.2184535294081
3086950387961,833.122791050475,612.2184535294081
3087000352886,818.8625396508194,679.8663998473838
3087050354924,818.8625396508194,679.8663998473838
3087100352086,823.0218834614168,779.660528752156
3087150358586,823.0218834614168,779.660528752156
3087200353211,830.458844269197,791.7677760834481
3087250355461,830.458844269197,791.7677760834481
3087300357761,815.7956260911546,737.0143216552243
3087350355636,815.7956260911546,737.0143216552243
3087400353761,793.6674989410913,679.2461040210833
3087450358586,793.6674989410913,679.2461040210833
3087500360011,792.5683473398752,676.6526640453235
3087550356511,792.5683473398752,676.6526640453235
3087600355586,790.586965556661,692.4182155483959
3087650357961,790.586965556661,692.4182155483959
3087700350336,737.2437512838219,870.347889938174
3087750352461,737.2437512838219,870.347889938174
3087800355261,734.2388657908648,865.030003675645
3087850350424,734.2388657908648,865.030003675645
3087900353424,801.8966560973463,805.9579677368794
3087950351136,801.8966560973463,805.9579677368794
3088000361386,922.0657823283816,756.6632979607418
3088050357461,922.0657823283816,756.6632979607418
3088100353761,907.045927520624,746.7741679550612
3088150352424,907.045927520624,746.7741679550612
3088200347136,884.0917444586696,742.2245580436994
3088250349299,884.0917444586696,742.2245580436994
3088300347761,877.5566512629367,788.5323384898643
3088350349886,877.5566512629367,788.5323384898643
3088400353761,822.0265563606984,567.3266239715522
3088450360424,822.0265563606984,567.3266239715522
3088500352136,804.0127810684183,651.5646874674906
3088550355386,804.0127810684183,651.5646874674906
3088600351386,795.1689906385665,701.4319814300574
3088650355049,795.1689906385665,701.4319814300574
3088700351674,793.3049990265532,716.9678766687415
3088750356261,793.3049990265532,716.9678766687415
3088800351299,894.9640564307291,644.6485273770312
3088850362836,894.9640564307291,644.6485273770312
3088900350636,939.0972033335178,669.5596464751883
3088950353136,939.0972033335178,669.5596464751883
3089000354836,930.3554304763823,693.5901182381689
3089050354049,930.3554304763823,693.5901182381689
3089100354636,931.6004228662814,728.8240261561795
3089150357761,931.6004228662814,728.8240261561795
3089200359674,926.125492466055,476.08668292934
3089250354174,926.125492466055,476.08668292934
3089300356136,942.0397909742701,495.2950348622021
3089350354586,942.0397909742701,495.2950348622021
3089400385924,949.0789839764016,524.5538967805612
3089450355711,949.0789839764016,524.5538967805612
3089500352799,950.9452308285081,538.3619618885783
3089550354299,950.9452308285081,538.3619618885783
3089600353886,956.8146866764716,561.5487851900745
3089650359799,956.8146866764716,561.5487851900745
3089700358211,959.0350769097444,577.8371395429579
3089750356674,959.0350769097444,577.8371395429579
3089800358799,957.3763732652301,578.9404600133422
3089850357261,957.3763732652301,578.9404600133422
3089900359424,949.3226507201099,566.706062129954
3089950357836,949.3226507201099,566.706062129954
3090000360011,946.4277522781338,561.7069948769499
3090050358461,946.4277522781338,561.7069948769499
3090100356886,989.3461848309305,694.2029616300762
3090150359049,989.3461848309305,694.2029616300762
3090200357511,989.8317376025886,688.7217949059118
3090250355174,989.8317376025886,688.7217949059118
3090300355261,986.3672316811982,683.3890624641563
3090350357424,986.3672316811982,683.3890624641563
3090400359549,965.5325481698635,619.749756086897
3090450358011,965.5325481698635,619.749756086897
3090500360174,964.9236239113687,619.8913193915812
3090550358586,964.9236239113687,619.8913193915812
3090600360761,967.3823573032998,632.3584991475651
3090650359211,967.3823573032998,632.3584991475651
3090700387424,962.6383004312122,800.292562288609
3090750359799,962.6383004312122,800.292562288609
3090800358261,976.1419592687876,823.5373605590579
3090850360424,976.1419592687876,823.5373605590579
3090900358836,974.5754831666574,768.3601029196411
3090950357299,974.5754831666574,768.3601029196411
3091000359461,937.2399505365108,658.5795090192482
3091050353636,937.2399505365108,658.5795090192482
3091100352461,924.4123482858638,576.4257704065553
3091150351336,924.4123482858638,576.4257704065553
3091200352961,940.9893277752201,574.8205507481479
3091250358086,940.9893277752201,574.8205507481479
3091300349299,938.8101246985103,582.7676121782197
3091350359549,938.8101246985103,582.7676121782197
3091400359386,927.2726321971638,595.8632471296988
3091450350386,927.2726321971638,595.8632471296988
3091500348799,919.1278867017544,608.2340877875087
3091550350961,919.1278867017544,608.2340877875087
3091600355049,911.3928548859919,602.036694023613
3091650355799,911.3928548859919,602.036694023613
3091700385211,906.7646946517006,613.3203585265451
3091750361086,906.7646946517006,613.3203585265451
3091800356761,899.4898298808137,629.55304195458
3091850356386,899.4898298808137,629.55304195458
3091900349711,903.9697620621662,676.5808305593106
3091950351886,903.9697620621662,676.5808305593106
3092000350336,897.5637014736192,677.0016830834109
3092050352461,897.5637014736192,677.0016830834109
3092100350924,885.6396341540514,663.213825133761
3092150353086,885.6396341540514,663.213825133761
3092200351511,883.0425807041819,655.7436193749207
3092250349961,883.0425807041819,655.7436193749207
3092300352136,880.4804278694876,638.6693008139432
3092350355261,880.4804278694876,638.6693008139432
3092400357424,875.9523920990299,640.4132822114776
3092450355836,875.9523920990299,640.4132822114776
3092500358011,888.117311053322,686.205983894108
3092550356461,888.117311053322,686.205983894108
3092600354886,883.6287571041147,681.1424486192528
3092650357049,883.6287571041147,681.1424486192528
3092700355461,881.4604793948827,670.972825864323
3092750357636,881.4604793948827,670.972825864323
3092800356086,874.6683958694945,642.1604691376059
3092850354511,874.6683958694945,642.1604691376059
3092900356674,876.3341443987288,634.0489399649842
3092950355136,876.3341443987288,634.0489399649842
3093000357299,873.6017715595071,641.7917747981015
3093050355711,873.6017715595071,641.7917747981015
3093100357886,868.4781464054906,642.9129718464806
3093150356336,868.4781464054906,642.9129718464806
3093200352636,870.8699752813316,688.7453453557034
3093250356174,870.8699752813316,688.7453453557034
3093300356011,867.7686074376359,680.6367815220842
3093350354636,867.7686074376359,680.6367815220842
3093400351924,867.4333742982985,677.5425380867761
3093450350336,867.4333742982985,677.5425380867761
3093500352511,863.935402702413,652.5481577436681
3093550350961,863.935402702413,652.5481577436681
3093600353136,866.3812848361965,652.2693438117919
3093650347299,866.3812848361965,652.2693438117919
3093700352261,863.3913882760564,653.7479289034994
3093750353011,863.3913882760564,653.7479289034994
3093800351461,862.9549442187554,657.6776262830767
3093850353636,862.9549442187554,657.6776262830767
3093900352049,859.8297979680184,654.513960784894
3093950354211,859.8297979680184,654.513960784894
3094000356386,862.1744234316193,647.2958105438155
3094050354836,862.1744234316193,647.2958105438155
3094100353261,869.8011605849224,641.2287941267341
3094150351711,869.8011605849224,641.2287941267341
3094200353886,869.9722826821296,637.9605298085006
3094250352299,869.9722826821296,637.9605298085006
3094300354461,875.2968360382456,680.0930985078681
3094350352886,875.2968360382456,680.0930985078681
3094400351336,878.2001392030619,684.8333377292108
3094450353511,878.2001392030619,684.8333377292108
3094500359386,879.7510598859685,686.3685529407239
3094550357636,879.7510598859685,686.3685529407239
3094600351886,878.6765932845057,685.7546953296396
3094650357761,878.6765932845057,685.7546953296396
3094700356211,881.1390566269614,674.2982680774708
3094750354636,881.1390566269614,674.2982680774708
3094800360549,880.0118823353118,674.7981737614805
3094850355261,880.0118823353118,674.7981737614805
3094900357424,878.5860999641011,676.1775250433178
3094950355836,878.5860999641011,676.1775250433178
3095000354299,884.0590955694296,680.2455983075979
3095050356461,884.0590955694296,680.2455983075979
3095100354886,883.375930053242,659.5597794658792
3095150386836,883.375930053242,659.5597794658792
3095200355461,880.3467266674902,652.07834539694
3095250357636,880.3467266674902,652.07834539694
3095300356086,880.8020840649909,682.9280930904141
3095350350386,880.8020840649909,682.9280930904141
3095400358586,891.4121381285303,706.740205433886
3095450357049,891.4121381285303,706.740205433886
3095500375049,888.7536395217167,697.7775137179199
3095550349799,888.7536395217167,697.7775137179199
3095600350761,881.8288641136306,684.9091759690092
3095650352924,881.8288641136306,684.9091759690092
3095700351386,884.6524103854863,679.9248496719875
3095750353549,884.6524103854863,679.9248496719875
3095800351961,762.5147934728107,654.5885820318256
3095850358799,762.5147934728107,654.5885820318256
3095900358424,797.9520190673595,583.0530442277823
3095950354299,797.9520190673595,583.0530442277823
3096000356461,848.6109692526059,642.9785749905627
3096050354924,848.6109692526059,642.9785749905627
3096100357086,886.8130654610204,643.7739215567607
3096150355511,886.8130654610204,643.7739215567607
3096200357674,886.6213215109148,646.9800445234183
3096250350799,886.6213215109148,646.9800445234183
3096300356674,895.0782638874193,648.8225633287084
3096350355136,895.0782638874193,648.8225633287084
3096400353549,889.4075258522284,635.0524026738733
3096450355711,889.4075258522284,635.0524026738733
3096500350011,890.039312153544,641.1506019784306
3096550355924,890.039312153544,641.1506019784306
3096600358049,888.6723160296098,641.940031383632
3096650356511,888.6723160296098,641.940031383632
3096700358674,886.0517197770157,685.6144234206228
3096750357086,886.0517197770157,685.6144234206228
3096800359261,887.1863526461527,691.7782591531568
3096850357711,887.1863526461527,691.7782591531568
3096900356136,885.8145190016877,674.3343311748287
3096950358299,885.8145190016877,674.3343311748287
3097000356761,879.631123342304,674.3704113937658
3097050358924,879.631123342304,674.3704113937658
3097100357336,882.3554318618408,675.4264449611815
3097150355799,882.3554318618408,675.4264449611815
3097200357961,887.5043866158774,653.9403173881581
3097250356386,887.5043866158774,653.9403173881581
3097300358549,886.8945806150896,654.2298321330647
3097350357011,886.8945806150896,654.2298321330647
3097400359136,886.4665512095162,650.2160888388304
3097450357586,886.4665512095162,650.2160888388304
3097500356011,886.6129227835695,649.3360670335153
3097550358174,886.6129227835695,649.3360670335153
3097600356636,883.8989651882323,652.8462837330263
3097650358799,883.8989651882323,652.8462837330263
3097700357211,885.6364489866558,656.5480235335305
3097750357261,885.6364489866558,656.5480235335305
3097800354511,890.9474588545633,632.7977219429816
3097850355511,890.9474588545633,632.7977219429816
3097900357674,888.817198327019,629.3721935967095
3097950347711,888.817198327019,629.3721935967095
3098000361261,887.7211486069862,630.8928420941166
3098050354799,887.7211486069862,630.8928420941166
3098100353211,886.601108936402,630.1963600246247
3098150355386,886.601108936402,630.1963600246247
3098200361299,878.5979382042876,672.8051239395173
3098250356011,878.5979382042876,672.8051239395173
3098300352836,881.2974818695318,664.1040089450577
3098350355011,881.2974818695318,664.1040089450577
3098400353424,885.2376853902148,658.600449107096
3098450346011,885.2376853902148,658.600449107096
3098500360761,891.2853263534096,645.8131161994754
3098550349386,891.2853263534096,645.8131161994754
3098600362924,891.9201619742729,640.5397098596745
3098650361386,891.9201619742729,640.5397098596745
3098700359799,785.0045900143419,844.048891682788
3098750361961,785.0045900143419,844.048891682788
3098800360424,782.2700617595472,802.577437010756
3098850362586,782.2700617595472,802.577437010756
3098900353961,790.6895808909856,768.3448114095116
3098950356799,790.6895808909856,768.3448114095116
3099000359174,810.4964251197723,736.8722877082735
3099050350586,810.4964251197723,736.8722877082735
3099100356886,831.7898238379142,728.959071978277
3099150360211,831.7898238379142,728.959071978277
3099200362386,796.9575167593514,517.0097163388201
3099250360836,796.9575167593514,517.0097163388201
3099300363011,815.434890601834,548.2138996571333
3099350361424,815.434890601834,548.2138996571333
3099400352011,828.6478600481746,585.3605961930675
3099450352799,828.6478600481746,585.3605961930675
3099500353761,830.8394159314752,616.4365018903247
3099550351674,830.8394159314752,616.4365018903247
3099600350086,766.458503344513,495.2514498538013
3099650353011,766.458503344513,495.2514498538013
3099700353386,752.800936030423,571.0439389463194
3099750354586,752.800936030423,571.0439389463194
3099800356336,753.8577926071653,592.6410117441276
3099850350836,753.8577926071653,592.6410117441276
3099900355549,773.9671453255113,621.8337565807195
3099950350049,773.9671453255113,621.8337565807195
3100000348511,955.339705264513,747.9229840837379
3100050354174,955.339705264513,747.9229840837379
3100100353761,935.5323114344666,724.8915458012142
3100150355924,935.5323114344666,724.8915458012142
3100200354386,906.4732592360908,707.8127043308153
3100250352799,906.4732592360908,707.8127043308153
3100300354961,913.5843095348949,647.3957361313039
3100350353424,913.5843095348949,647.3957361313039
3100400357386,911.5177391961648,606.5560257108436
3100450357424,911.5177391961648,606.5560257108436
3100500357424,910.9958471039911,579.9428213476285
3100550356511,910.9958471039911,579.9428213476285
3100600352799,917.871076757426,702.3875663860064
3100650357761,917.871076757426,702.3875663860064
3100700353136,753.395386715061,482.22912269395545
3100750357836,753.395386715061,482.22912269395545
3100800356261,775.5527408918592,545.2008941236618
3100850358424,775.5527408918592,545.2008941236618
3100900356211,795.2142846413756,631.3516033699274
3100950354011,795.2142846413756,631.3516033699274
3101000354586,806.1578861392195,648.0396986328934
3101050350261,806.1578861392195,648.0396986328934
3101100358299,947.3786447581157,714.8738689983803
3101150351636,947.3786447581157,714.8738689983803
3101200352386,931.4425526192958,677.861279014164
3101250390424,931.4425526192958,677.861279014164
3101300349049,930.3085091490993,667.5546739098847
3101350351211,930.3085091490993,667.5546739098847
3101400349674,930.0337717117404,630.7164129884757
3101450351836,930.0337717117404,630.7164129884757
3101500350261,936.7658507656815,767.4887569842429
3101550357961,936.7658507656815,767.4887569842429
3101600357961,930.5662340048486,695.9799388329362
3101650348211,930.5662340048486,695.9799388329362
3101700350511,932.3213842051057,634.6530976024761
3101750348924,932.3213842051057,634.6530976024761
3101800261836,920.5273480484443,630.1395490976403
3101850359299,920.5273480484443,630.1395490976403
3101900351886,852.5142797498361,731.176769859635
3101950353011,852.5142797498361,731.176769859635
3102000347174,847.9532226216835,695.9428438210299
3102050351136,847.9532226216835,695.9428438210299
3102100355511,851.6369405719784,684.1655165312021
3102150355549,851.6369405719784,684.1655165312021
3102200354836,929.2437653878532,439.7514450787419
3102250359799,929.2437653878532,439.7514450787419
3102300357049,932.2239985188428,498.37702261127055
3102350355461,932.2239985188428,498.37702261127055
3102400357636,946.2581155879727,546.8158534180939
3102450356086,946.2581155879727,546.8158534180939
3102500354511,918.7474213588546,590.3235072386957
3102550356674,918.7474213588546,590.3235072386957
3102600355136,730.1412744353028,691.7844660216504
3102650357299,730.1412744353028,691.7844660216504
3102700355711,733.2234557661718,680.8213095956291
3102750354174,733.2234557661718,680.8213095956291
3102800356336,738.3742871251179,780.3207225958689
3102850354761,738.3742871251179,780.3207225958689
3102900356924,740.3679733152097,750.6611220371474
3102950355386,740.3679733152097,750.6611220371474
3103000324636,741.779649066626,735.3259855509519
3103050358174,741.779649066626,735.3259855509519
3103100351711,735.5362245634207,735.2359046321598
3103150350586,735.5362245634207,735.2359046321598
3103200352961,813.5801235027095,825.3990469594258
3103250358836,813.5801235027095,825.3990469594258
3103300357299,857.5682474988366,894.7198854812355
3103350355711,857.5682474988366,894.7198854812355
3103400357886,830.2425872065429,877.4261658419317
3103450349511,830.2425872065429,877.4261658419317
3103500351674,816.6349547098565,858.6044176606893
3103550351511,816.6349547098565,858.6044176606893
3103600357086,830.1536348904089,831.6525159353877
3103650356886,830.1536348904089,831.6525159353877
3103700356711,830.4796904942243,835.2525929398672
3103750354424,830.4796904942243,835.2525929398672
3103800351886,750.8378368737034,684.3877358409462
3103850359336,750.8378368737034,684.3877358409462
3103900355674,884.7565414854072,448.11699621422383
3103950359211,884.7565414854072,448.11699621422383
3104000357636,912.7335187206792,557.2355186039771
3104050353211,912.7335187206792,557.2355186039771
3104100356549,892.5251956480778,580.2553832046116
3104150350211,892.5251956480778,580.2553832046116
3104200353261,782.2334376534718,295.2973296280553
3104250350961,782.2334376534718,295.2973296280553
3104300350799,825.5086265048508,469.8463303566235
3104350352136,825.5086265048508,469.8463303566235
3104400352136,869.5924188443207,590.7824238364246
3104450560211,887.1795115136756,650.4267485442042
3104500351586,887.1795115136756,650.4267485442042
3104550358761,887.1795115136756,650.4267485442042
3104600358711,902.3861442004988,706.2547594346779
3104650346924,902.3861442004988,706.2547594346779
3104700349086,822.0443253617736,804.4534534584998
3104750450511,907.9711353134571,868.0341695581387
3104800358174,907.9711353134571,868.0341695581387
3104850352674,907.9711353134571,868.0341695581387
3104900355586,931.446395307478,744.6966312701193
3104950357761,931.446395307478,744.6966312701193
3105000358836,921.3655926033155,729.9495313240873
3105050356761,921.3655926033155,729.9495313240873
3105100357011,910.50118539693,664.1009549605737
3105150362799,910.50118539693,664.1009549605737
3105200353886,899.1066376158343,700.7128587102213
3105250354549,899.1066376158343,700.7128587102213
3105300359674,905.3885703800579,708.1228031636588
3105350350674,905.3885703800579,708.1228031636588
3105400352836,928.9357201230712,730.4019093143675
3105450349049,928.9357201230712,730.4019093143675
3105500358011,798.8010135542536,657.3688716050701
3105550357299,798.8010135542536,657.3688716050701
3105600351049,692.5901721585409,488.7966708576156
3105650357886,692.5901721585409,488.7966708576156
3105700352799,793.0955422004853,541.3947489112883
3105750361586,793.0955422004853,541.3947489112883
3105800350836,782.5990706987668,621.2621646974278
3105850355261,782.5990706987668,621.2621646974278
3105900357336,790.6818197207169,671.4525017889706
3105950353136,790.6818197207169,671.4525017889706
3106000355586,795.8916193618161,654.5943413357019
3106050388299,795.8916193618161,654.5943413357019
3106100356549,815.5856031806195,673.3162582512946
3106150353386,815.5856031806195,673.3162582512946
3106200354174,815.9215400382752,703.6463400593713
3106250357711,815.9215400382752,703.6463400593713
3106300347961,843.1683541307309,696.2680479359786
3106350355836,843.1683541307309,696.2680479359786
3106400361174,840.2504730525459,694.47968709619
3106450348136,840.2504730525459,694.47968709619
3106500352549,830.015504836099,680.6770140654814
3106550350836,830.015504836099,680.6770140654814
3106600355461,812.8033298688129,685.1408021791174
3106650350086,812.8033298688129,685.1408021791174
3106700359336,721.4287222767553,700.0919515073966
3106750351174,721.4287222767553,700.0919515073966
3106800351424,710.0496478178065,708.9764958257759
3106850360299,710.0496478178065,708.9764958257759
3106900354299,702.4005898340203,708.7500132001353
3106950351761,702.4005898340203,708.7500132001353
3107000350211,701.3603504117251,709.9168640639452
3107050357674,701.3603504117251,709.9168640639452
3107100352586,704.0251789197634,706.5441347654858
3107150353586,704.0251789197634,706.5441347654858
3107200355761,722.7184804737799,712.2305776292831
3107250354174,722.7184804737799,712.2305776292831
3107300356336,776.2858651903512,719.7354723529827
3107350354799,776.2858651903512,719.7354723529827
3107400353211,764.40193290612,717.2785523522335
3107450353461,764.40193290612,717.2785523522335
3107500355836,768.2335515591858,721.0767398878354
3107550352886,768.2335515591858,721.0767398878354
3107600351336,817.842360045523,712.6407842442326
3107650353511,817.842360045523,712.6407842442326
3107700351924,823.1053860397055,710.2991066441755
3107750350386,823.1053860397055,710.2991066441755
3107800352549,830.3268781880079,707.8441412524626
3107850350961,830.3268781880079,707.8441412524626
3107900353136,829.3508743595454,715.112222797655
3107950381386,829.3508743595454,715.112222797655
3108000350011,828.4049140802532,729.2183893677452
3108050354299,828.4049140802532,729.2183893677452
3108100353924,808.0683345078597,707.9014874921934
3108150352386,808.0683345078597,707.9014874921934
3108200350799,773.9560514824485,711.0845338183792
3108250372549,773.9560514824485,711.0845338183792
3108300348636,770.9031666156495,708.1498909519564
3108350357086,770.9031666156495,708.1498909519564
3108400359261,770.6403416978457,706.2985728734101
3108450357674,770.6403416978457,706.2985728734101
3108500359836,837.3190624936066,726.3703512710359
3108550358299,837.3190624936066,726.3703512710359
3108600360424,873.3397223885286,730.0784616424369
3108650353211,873.3397223885286,730.0784616424369
3108700351674,807.1955008026141,733.7412323848557
3108750347674,807.1955008026141,733.7412323848557
3108800349711,954.2706943428722,670.6992432170808
3108850355386,954.2706943428722,670.6992432170808
3108900353424,951.9594533376784,677.4529150888595
3108950351424,951.9594533376784,677.4529150888595
3109000353586,934.0223527749201,688.0412893043809
3109050406299,934.0223527749201,688.0412893043809
3109100352386,931.4135963929748,685.3349430347782
3109150355924,931.4135963929748,685.3349430347782
